{
  "Single Airport Request" : {
    "transaction" : "Single Airport Request",
    "sampleCount" : 114474,
    "errorCount" : 2246,
    "errorPct" : 1.9620175,
    "meanResTime" : 174.71027482222914,
    "medianResTime" : 159.0,
    "minResTime" : 24.0,
    "maxResTime" : 36854.0,
    "pct1ResTime" : 206.0,
    "pct2ResTime" : 217.0,
    "pct3ResTime" : 240.0,
    "throughput" : 357.8945393835938,
    "receivedKBytesPerSec" : 226.97457765886938,
    "sentKBytesPerSec" : 83.32231756520163
  },
  "Total" : {
    "transaction" : "Total",
    "sampleCount" : 227111,
    "errorCount" : 2249,
    "errorPct" : 0.99026465,
    "meanResTime" : 134.96807288066051,
    "medianResTime" : 126.0,
    "minResTime" : 1.0,
    "maxResTime" : 36854.0,
    "pct1ResTime" : 194.0,
    "pct2ResTime" : 205.0,
    "pct3ResTime" : 235.0,
    "throughput" : 710.045833411494,
    "receivedKBytesPerSec" : 5932.349600203335,
    "sentKBytesPerSec" : 164.90735568024786
  },
  "All Airports Request" : {
    "transaction" : "All Airports Request",
    "sampleCount" : 239,
    "errorCount" : 3,
    "errorPct" : 1.2552301,
    "meanResTime" : 727.870292887029,
    "medianResTime" : 312.0,
    "minResTime" : 168.0,
    "maxResTime" : 35308.0,
    "pct1ResTime" : 395.0,
    "pct2ResTime" : 478.0,
    "pct3ResTime" : 30296.399999999998,
    "throughput" : 0.7673389711878664,
    "receivedKBytesPerSec" : 5590.245538813827,
    "sentKBytesPerSec" : 0.17534894458785227
  },
  "Single Airline Request" : {
    "transaction" : "Single Airline Request",
    "sampleCount" : 112167,
    "errorCount" : 0,
    "errorPct" : 0.0,
    "meanResTime" : 93.18401134023375,
    "medianResTime" : 97.0,
    "minResTime" : 1.0,
    "maxResTime" : 8095.0,
    "pct1ResTime" : 138.0,
    "pct2ResTime" : 147.0,
    "pct3ResTime" : 165.0,
    "throughput" : 354.1116821780803,
    "receivedKBytesPerSec" : 167.46025035832,
    "sentKBytesPerSec" : 82.04390268061222
  },
  "All Airlines Request" : {
    "transaction" : "All Airlines Request",
    "sampleCount" : 231,
    "errorCount" : 0,
    "errorPct" : 0.0,
    "meanResTime" : 116.0952380952381,
    "medianResTime" : 119.0,
    "minResTime" : 20.0,
    "maxResTime" : 356.0,
    "pct1ResTime" : 166.0,
    "pct2ResTime" : 179.19999999999993,
    "pct3ResTime" : 218.24000000000012,
    "throughput" : 0.758904811653624,
    "receivedKBytesPerSec" : 100.76536505046224,
    "sentKBytesPerSec" : 0.17342160735053516
  }
}